{
  "project_info": {
    "project_number": "106211419488",
    "project_id": "finaldatabase-791b4",
    "storage_bucket": "finaldatabase-791b4.firebasestorage.app"
  },
  "client": [
    {
      "client_info": {
        "mobilesdk_app_id": "1:106211419488:android:c4b5df752ff8a9cc416a05",
        "android_client_info": {
          "package_name": "com.example.myapplication"
        }
      },
      "oauth_client": [],
      "api_key": [
        {
          "current_key": "AIzaSyCsUuixDp9Wk1aFDkI7lrQhffigqr_3alg"
        }
      ],
      "services": {
        "appinvite_service": {
          "other_platform_oauth_client": []
        }
      }
    }
  ],
  "configuration_version": "1"
}